{
  "MinorVersionToConfig": {
    "latest": {
      "TargetVersion": "v1.64.7"
    },
    "v1.10": {
      "Error": "golangci-lint version 'v1.10' isn't supported: we support only v1.28.3 and later versions"
    },
    "v1.11": {
      "Error": "golangci-lint version 'v1.11' isn't supported: we support only v1.28.3 and later versions"
    },
    "v1.12": {
      "Error": "golangci-lint version 'v1.12' isn't supported: we support only v1.28.3 and later versions"
    },
    "v1.13": {
      "Error": "golangci-lint version 'v1.13' isn't supported: we support only v1.28.3 and later versions"
    },
    "v1.14": {
      "Error": "golangci-lint version 'v1.14' isn't supported: we support only v1.28.3 and later versions"
    },
    "v1.15": {
      "Error": "golangci-lint version 'v1.15' isn't supported: we support only v1.28.3 and later versions"
    },
    "v1.16": {
      "Error": "golangci-lint version 'v1.16' isn't supported: we support only v1.28.3 and later versions"
    },
    "v1.17": {
      "Error": "golangci-lint version 'v1.17' isn't supported: we support only v1.28.3 and later versions"
    },
    "v1.18": {
      "Error": "golangci-lint version 'v1.18' isn't supported: we support only v1.28.3 and later versions"
    },
    "v1.19": {
      "Error": "golangci-lint version 'v1.19' isn't supported: we support only v1.28.3 and later versions"
    },
    "v1.20": {
      "Error": "golangci-lint version 'v1.20' isn't supported: we support only v1.28.3 and later versions"
    },
    "v1.21": {
      "Error": "golangci-lint version 'v1.21' isn't supported: we support only v1.28.3 and later versions"
    },
    "v1.22": {
      "Error": "golangci-lint version 'v1.22' isn't supported: we support only v1.28.3 and later versions"
    },
    "v1.23": {
      "Error": "golangci-lint version 'v1.23' isn't supported: we support only v1.28.3 and later versions"
    },
    "v1.24": {
      "Error": "golangci-lint version 'v1.24' isn't supported: we support only v1.28.3 and later versions"
    },
    "v1.25": {
      "Error": "golangci-lint version 'v1.25' isn't supported: we support only v1.28.3 and later versions"
    },
    "v1.26": {
      "Error": "golangci-lint version 'v1.26' isn't supported: we support only v1.28.3 and later versions"
    },
    "v1.27": {
      "Error": "golangci-lint version 'v1.27' isn't supported: we support only v1.28.3 and later versions"
    },
    "v1.28": {
      "TargetVersion": "v1.28.3"
    },
    "v1.29": {
      "TargetVersion": "v1.29.0"
    },
    "v1.3": {
      "Error": "golangci-lint version 'v1.3' isn't supported: we support only v1.28.3 and later versions"
    },
    "v1.30": {
      "TargetVersion": "v1.30.0"
    },
    "v1.31": {
      "TargetVersion": "v1.31.0"
    },
    "v1.32": {
      "TargetVersion": "v1.32.2"
    },
    "v1.33": {
      "TargetVersion": "v1.33.2"
    },
    "v1.34": {
      "TargetVersion": "v1.34.1"
    },
    "v1.35": {
      "TargetVersion": "v1.35.2"
    },
    "v1.36": {
      "TargetVersion": "v1.36.0"
    },
    "v1.37": {
      "TargetVersion": "v1.37.1"
    },
    "v1.38": {
      "TargetVersion": "v1.38.0"
    },
    "v1.39": {
      "TargetVersion": "v1.39.0"
    },
    "v1.4": {
      "Error": "golangci-lint version 'v1.4' isn't supported: we support only v1.28.3 and later versions"
    },
    "v1.40": {
      "TargetVersion": "v1.40.1"
    },
    "v1.41": {
      "TargetVersion": "v1.41.1"
    },
    "v1.42": {
      "TargetVersion": "v1.42.1"
    },
    "v1.43": {
      "TargetVersion": "v1.43.0"
    },
    "v1.44": {
      "TargetVersion": "v1.44.2"
    },
    "v1.45": {
      "TargetVersion": "v1.45.2"
    },
    "v1.46": {
      "TargetVersion": "v1.46.2"
    },
    "v1.47": {
      "TargetVersion": "v1.47.3"
    },
    "v1.48": {
      "TargetVersion": "v1.48.0"
    },
    "v1.49": {
      "TargetVersion": "v1.49.0"
    },
    "v1.5": {
      "Error": "golangci-lint version 'v1.5' isn't supported: we support only v1.28.3 and later versions"
    },
    "v1.50": {
      "TargetVersion": "v1.50.1"
    },
    "v1.51": {
      "TargetVersion": "v1.51.2"
    },
    "v1.52": {
      "TargetVersion": "v1.52.2"
    },
    "v1.53": {
      "TargetVersion": "v1.53.3"
    },
    "v1.54": {
      "TargetVersion": "v1.54.2"
    },
    "v1.55": {
      "TargetVersion": "v1.55.2"
    },
    "v1.56": {
      "TargetVersion": "v1.56.2"
    },
    "v1.57": {
      "TargetVersion": "v1.57.2"
    },
    "v1.58": {
      "TargetVersion": "v1.58.2"
    },
    "v1.59": {
      "TargetVersion": "v1.59.1"
    },
    "v1.6": {
      "Error": "golangci-lint version 'v1.6' isn't supported: we support only v1.28.3 and later versions"
    },
    "v1.60": {
      "TargetVersion": "v1.60.3"
    },
    "v1.61": {
      "TargetVersion": "v1.61.0"
    },
    "v1.62": {
      "TargetVersion": "v1.62.2"
    },
    "v1.63": {
      "TargetVersion": "v1.63.4"
    },
    "v1.64": {
      "TargetVersion": "v1.64.7"
    },
    "v1.7": {
      "Error": "golangci-lint version 'v1.7' isn't supported: we support only v1.28.3 and later versions"
    },
    "v1.8": {
      "Error": "golangci-lint version 'v1.8' isn't supported: we support only v1.28.3 and later versions"
    },
    "v1.9": {
      "Error": "golangci-lint version 'v1.9' isn't supported: we support only v1.28.3 and later versions"
    }
  }
}
